Dependents,Education,Self_Employed,Applicant_Income,Loan_Amount,Loan_Term_Months,CIBIL_Score,Residential_Assets,Commercial_Assets,Luxury_Assets,Bank_Assets,Loan_Approved
0,1,1,165940,723913,12,689,517918,898405,577,334151,1
3,1,0,126191,428263,48,724,986000,8659,115586,776131,1
3,0,0,45890,890799,24,522,932142,443216,418969,458554,0
2,0,0,38956,103649,24,415,1080324,547891,210545,311120,0
2,0,0,159128,196327,12,498,283861,55173,247701,5510,0
4,1,0,62574,873439,60,754,962320,406045,565060,490805,1
0,0,0,142074,295464,60,804,428204,536272,86651,517674,1
3,1,1,40462,314056,60,819,1185364,546851,277124,774864,1
1,0,0,63447,722584,12,463,1197787,107121,130297,575949,0
0,0,0,63930,210958,24,653,937140,249757,337993,28591,0
2,1,0,63538,486507,60,425,1420047,220288,232224,455851,0
4,1,1,127307,293140,36,705,806261,575929,32360,595508,1
3,1,0,166131,218245,12,558,37706,295901,49163,399764,1
3,1,1,165472,869717,12,707,909294,514307,596633,346334,1
3,1,1,138131,219912,24,693,1166544,657926,39839,648899,1
3,1,1,50808,130143,60,847,151790,717548,547896,491040,1
2,1,1,173613,622847,12,594,156900,165427,641218,546691,0
0,0,0,105816,787207,60,521,409734,813177,326067,373962,0
4,0,1,106446,158371,48,613,1266370,149177,218471,226068,1
2,1,0,131625,651667,60,431,791099,19689,543422,417677,0
2,0,1,142593,509672,60,405,1464659,40467,687561,767463,0
1,1,1,172373,755516,24,610,1309480,180935,84299,484122,1
0,1,1,112345,157911,60,763,832250,785915,675056,567277,1
4,0,1,116829,879512,12,617,1018577,187094,660615,103685,0
3,1,0,138775,576244,24,741,496502,624154,99799,790411,1
3,0,1,59327,765831,24,439,135612,376644,38316,199538,0
2,1,1,67849,357667,12,575,598106,35951,500447,777152,1
4,0,1,119327,851874,12,657,888412,399725,54367,359380,0
2,0,0,28388,582408,12,524,273288,25463,420563,735533,0
2,1,1,69919,157894,12,357,332606,428556,45329,713990,0
2,1,0,134315,834466,24,386,22491,502806,483452,605520,0
1,0,0,176132,726420,12,814,1101024,469228,162193,733544,1
0,1,0,102158,305171,12,653,1349143,254280,67333,489496,0
2,1,1,82747,513824,60,482,1241161,689912,46630,679775,0
4,0,0,89340,379851,12,479,569995,537053,131992,141875,0
0,1,0,129039,511971,12,369,890184,229306,378526,60875,0
4,1,0,106204,870568,12,823,1441206,391143,53647,436964,1
4,0,1,21762,814083,12,404,887043,97655,561591,648828,0
1,1,0,105356,233209,36,730,443831,830981,422893,613474,1
3,1,1,82809,876033,60,470,507887,677744,208111,424676,0
0,1,1,131529,422253,48,518,1090698,259028,690613,419081,0
3,1,1,159767,649112,36,487,669375,607426,460977,489826,0
3,1,1,173916,699589,12,763,1255958,611230,470389,695250,1
1,0,0,116856,460497,48,366,1296162,548708,121762,674244,0
0,1,0,76735,438158,12,526,53750,48648,497533,92176,0
4,0,0,89918,437943,48,489,1084980,790672,391435,478614,0
2,1,1,46586,783166,36,486,554939,860274,689209,307847,0
4,0,1,169621,378390,60,446,779630,876728,334598,640532,0
3,0,1,155264,287934,24,807,397190,882681,474608,407241,1
3,0,0,156345,357359,48,539,552348,835941,238790,793117,0
3,1,0,71155,215650,36,559,495570,665167,28127,348698,0
0,0,0,70198,382780,36,542,75569,51189,89541,544893,0
1,0,0,156771,146966,60,841,1174157,418691,606903,91326,1
2,1,0,106216,126290,48,519,214511,220633,516685,746226,0
2,1,1,132154,665272,36,521,563697,197994,255274,127054,0
0,0,0,97351,115820,36,514,289537,747555,488477,305805,0
2,1,1,89728,532974,48,513,240914,731264,3054,670905,0
0,0,0,120416,712889,24,394,560075,469861,26027,774098,0
3,0,0,149702,665809,12,652,1378148,662718,355063,390085,1
3,1,1,72126,429161,36,362,1416215,116429,437474,390353,0
4,0,1,149081,214587,12,463,572550,199758,655910,43734,0
3,1,0,57561,841081,12,451,757730,774428,531761,783204,0
1,1,0,83258,759886,36,496,1478547,406093,180131,18110,0
4,1,0,165852,570387,48,729,352260,491966,570595,25738,1
2,0,1,172621,123747,48,650,1417061,416519,344059,381412,1
1,1,0,167667,79899,24,846,158625,181943,578221,7888,1
4,1,1,69199,317937,36,525,338781,743769,121643,135681,0
1,0,0,154618,183894,12,815,507458,682472,18358,504037,1
0,0,1,169646,781303,48,372,55626,615460,40384,565575,0
2,0,0,176469,224946,24,602,1223595,317873,693618,242047,1
3,1,1,21386,290253,48,750,1283123,578850,56381,637282,1
0,1,1,138688,879375,60,616,575014,857928,657547,488133,0
2,0,0,179472,745520,48,817,1254578,584844,508907,186495,1
0,1,0,141876,235898,24,507,1158758,444844,102227,571392,0
3,1,1,55774,376011,60,366,1202108,243423,604852,475780,0
2,1,0,141539,488392,48,737,1204057,470526,100947,650629,1
1,0,0,35049,614629,48,384,860223,334540,100309,127783,0
1,0,0,95858,845750,60,733,166231,550142,402865,188529,1
2,0,0,119448,790456,60,717,1385229,41096,201822,246348,0
3,1,0,91945,880613,12,772,912989,171149,203576,276424,1
4,1,0,131373,84548,60,589,1351896,708247,136520,711592,1
2,1,0,56916,250906,48,798,1438644,342649,425375,587370,1
0,0,0,116207,528551,24,435,280743,389698,18799,437557,0
4,0,0,122460,91749,24,567,603207,489508,171551,434660,0
3,0,0,120674,352040,48,411,288740,394414,387401,709281,0
3,1,1,64869,180561,24,734,76416,682774,340581,360201,1
0,0,0,67471,842981,36,707,1449609,220820,489945,184072,1
1,1,0,59764,103829,48,754,1384954,682590,151370,113834,1
3,1,0,92807,176143,48,732,1397613,188484,453514,267369,1
4,0,1,112925,215855,60,504,1325499,333536,531960,524368,0
2,0,0,76730,176304,12,384,973160,529039,271637,379406,0
4,0,0,84417,533284,24,815,783212,797380,179767,340317,1
4,1,0,64398,359695,60,596,1487210,209297,388507,386663,0
1,1,0,53454,825581,36,397,828379,528649,405202,780025,0
4,0,0,124504,271695,24,814,963647,57787,65869,798130,1
1,0,0,150201,506636,24,848,317611,67883,395578,133227,1
1,1,1,65094,611076,24,573,1120062,690756,108012,95984,0
3,0,1,157412,582091,36,735,1229176,647063,398178,199225,1
3,0,0,110498,726925,24,368,1017791,338822,652256,682312,0
0,0,1,45167,221587,48,396,747900,560679,375950,370314,0
4,0,1,77291,481337,36,488,296802,342212,533055,691627,0
0,0,0,19216,730496,48,678,50816,249520,216792,519167,1
4,1,0,24345,783563,12,416,940965,388186,645917,444792,0
0,1,0,72453,575120,48,367,1024522,280672,568930,228804,0
3,1,1,91622,604107,60,685,1158923,733540,641676,278509,1
3,1,0,147196,784516,12,735,1425744,370503,519117,122435,1
3,1,1,39756,581140,24,720,746041,288753,454574,417784,1
3,0,0,153946,856516,48,750,1243725,482537,367501,227897,1
2,0,1,55992,158454,48,752,1074436,682232,649767,237511,1
3,1,1,40409,345715,48,651,415797,246299,593734,36439,0
1,0,0,131382,145354,36,610,1267680,845590,291692,640290,1
3,1,0,143442,126992,48,779,79987,417180,59956,751712,1
2,1,1,115995,451149,48,524,898335,594781,2531,401131,0
2,0,0,36744,242039,12,399,1410527,861518,163437,431145,0
2,1,0,36685,396083,48,726,988444,388512,43799,741044,1
2,1,1,81190,422165,36,488,1405594,179837,148051,411628,0
0,0,0,90997,577785,12,840,84237,673010,76641,500039,1
0,0,0,179774,853839,36,557,798622,5958,686736,345335,0
1,1,0,64408,771979,36,776,1170918,412107,66747,413883,1
0,1,0,49199,371563,12,371,963476,881991,438823,419882,0
2,0,1,171236,326747,60,680,1320804,372984,246191,570300,1
3,1,1,42942,705157,24,574,693900,615683,121950,485329,0
3,0,0,22277,155104,24,581,1023904,472754,490889,405626,0
2,1,0,86493,509405,36,482,629648,193211,679388,65294,0
4,1,1,82975,409563,60,836,1308179,285950,553454,724082,1
2,0,0,118386,205387,48,546,179172,471178,682667,711181,0
0,1,0,160193,573981,48,776,381179,93825,413149,151634,1
3,1,0,169129,322624,24,562,145129,373402,471502,238182,0
2,1,0,64921,207758,60,374,1053150,373366,102505,778812,0
3,0,1,176893,605213,60,790,349098,751420,596691,260244,1
2,0,0,120491,198068,36,442,475706,111471,523531,650691,0
2,0,0,29281,621925,36,485,1254961,758423,177816,629670,0
0,0,1,170028,187779,12,781,540274,369397,248361,689283,1
2,0,0,40355,419545,48,797,218748,586215,427623,17720,1
3,1,1,113352,736794,60,809,31455,501240,9095,388911,1
1,1,0,146099,244348,36,563,340047,269804,572538,454581,1
3,1,0,58408,702483,36,729,1372028,837640,196412,670575,1
0,0,0,61842,663620,36,514,822921,202018,52484,183451,0
1,0,1,95140,817258,12,720,1492249,32600,231420,248885,1
2,1,1,161345,193542,48,601,322696,675111,585038,148021,1
4,0,0,54223,657848,48,376,527218,559312,191971,610748,0
1,1,0,125479,846169,60,559,244810,801484,377433,799103,0
1,1,0,91319,698565,60,584,597569,411961,568309,116657,0
2,0,1,36118,209718,36,478,844974,15156,23597,190326,0
4,0,0,133162,748837,60,537,1212193,18235,531948,249106,0
4,0,1,152869,141215,36,601,552139,389932,202085,711779,0
0,0,1,111252,550517,48,374,1157296,224593,486886,359357,0
1,0,1,46569,473000,48,426,939238,829962,131664,229138,0
4,1,0,43227,501417,60,734,437718,106636,97303,261244,1
0,1,0,86606,491617,48,526,1368308,792731,551808,480504,1
4,1,0,100039,76755,12,654,651367,195114,565483,312678,1
1,1,1,107453,481963,12,633,226489,107461,686927,116625,0
4,1,1,57472,846232,36,626,1444048,247113,474023,656983,0
1,0,1,99124,421167,36,557,1370150,129726,326115,340675,0
2,0,0,65802,285376,48,592,74312,361175,136386,209057,0
3,1,0,129158,895592,36,762,1353734,297413,206652,584104,1
0,0,1,147028,134143,36,833,1421066,476135,453665,597498,1
2,0,1,123735,463338,60,478,1243631,483360,242272,128254,0
2,1,1,18202,485708,24,685,382494,890,338458,63601,1
3,1,1,178710,456254,36,835,946928,112384,117644,41104,1
4,1,0,21850,833467,36,353,807361,145682,307545,613762,0
3,1,0,179906,408501,36,743,930219,175251,166580,502464,1
2,0,0,23147,877306,60,598,924665,84209,78486,634658,0
2,1,1,101666,106801,60,834,958818,283171,92363,502993,1
2,1,1,35167,673845,36,639,771001,494706,362812,324350,0
4,1,0,33422,554013,36,769,1035743,278003,256494,473697,1
1,1,1,128710,254464,36,433,789909,296167,69952,579369,0
0,1,1,135910,243772,12,421,24723,422599,360009,322081,0
1,0,1,37154,661728,36,814,52922,493557,114977,732535,1
0,0,1,176219,591967,24,613,1437138,297870,10810,720186,1
0,0,0,69914,569494,12,629,1363875,199640,92782,641566,1
0,0,0,69568,93208,12,435,878405,368442,313966,793852,0
3,0,1,66110,558200,36,463,261884,21806,667875,315404,0
3,0,1,92715,884179,12,759,1172198,443314,169170,95714,1
3,1,0,46809,64724,48,501,214935,847230,199405,389949,0
2,1,0,86813,448654,36,642,565922,358140,169858,597982,1
3,1,1,52016,470220,24,508,494789,97477,248643,624589,0
0,1,1,26329,812242,48,481,18595,636372,502128,313873,0
4,1,0,77735,290419,36,433,1210515,114172,225456,237612,0
2,1,1,126906,454226,48,815,764601,174275,460298,359150,1
4,0,0,141620,659613,48,820,474379,131892,628775,644086,1
0,1,0,75240,101281,12,407,760785,795299,662327,53174,0
2,0,1,70446,730925,24,526,1,883148,394076,265816,0
3,0,0,145569,748881,36,632,655483,512675,499267,187754,0
2,1,1,128352,661699,60,542,779371,555894,643411,645762,0
2,1,0,152803,600956,12,711,509575,580912,550684,378378,0
0,0,1,164788,685469,12,480,1245570,549260,209947,74006,0
1,0,0,151039,714493,60,379,374739,489692,92419,213120,0
1,0,1,169710,817885,60,518,206737,888028,80384,40295,0
1,0,0,85499,413944,12,649,791317,659818,617436,383067,1
3,0,1,81936,437647,36,440,1330915,79594,389352,798151,0
3,1,0,70090,592246,48,758,562917,352747,207442,455948,1
3,1,0,56106,214125,12,356,69937,877050,241875,696218,0
1,1,0,139308,777794,24,383,1454897,363294,197177,595360,0
4,1,1,133741,704936,24,604,666446,183611,561334,706863,0
0,1,0,147825,586405,48,606,259390,781641,428686,252257,1
1,1,1,45117,306403,24,497,923422,560764,615596,761267,0
0,0,1,97583,345522,36,479,479498,506313,211240,194720,0
1,0,1,53957,419728,24,384,1406687,378075,330801,353461,0
4,1,1,162671,613150,48,682,440940,111935,85214,546612,1
1,0,0,61320,711329,12,539,825203,345556,679951,233034,0
4,0,1,41313,621076,24,409,814963,393729,358304,215242,0
2,0,1,110318,840442,24,550,363662,838118,387109,108369,0
3,1,0,160409,866498,60,819,748920,276543,289566,8340,1
2,0,0,166348,649169,60,480,163607,134304,189644,403461,0
1,1,1,33567,365275,36,798,965610,384775,663883,789472,1
3,0,0,70794,559208,12,479,1137477,897362,342282,179938,0
4,0,1,42871,411319,48,443,1425002,433982,472340,354926,0
1,0,0,67874,584732,36,480,488670,341212,26117,748762,0
3,0,0,104482,740304,60,511,427831,600196,193151,618987,0
1,1,1,63452,363932,24,410,823213,583897,562800,8182,0
3,0,0,28937,479897,60,644,1039157,269357,61484,402973,1
3,0,1,100624,88791,60,517,1488696,871116,71004,118841,0
2,1,1,26554,676087,24,709,37560,533650,566887,201380,1
3,1,0,54724,466374,48,595,357458,51840,216123,200948,0
1,0,0,18084,440753,24,571,393582,366811,191715,491919,0
0,1,1,32065,502566,24,585,383072,830577,395721,163170,0
0,1,1,88683,233170,24,428,695579,354022,136445,205233,0
2,0,0,155815,558272,48,707,1309365,511030,30082,184493,1
4,1,1,143489,683423,24,402,46492,551365,3114,288724,0
0,1,0,34010,347224,48,711,1223762,633957,55521,526557,1
2,1,0,23643,161481,36,850,926504,785084,110971,322973,1
3,0,1,72770,378810,48,732,922799,134265,487281,265372,1
1,0,0,123665,218796,60,578,1017465,465071,208565,416494,0
3,0,1,138970,367848,12,507,173112,480048,50243,493944,0
1,1,1,151346,582801,60,787,1120097,137155,10097,17210,1
4,1,1,73437,146385,12,478,372197,606162,333958,712755,0
2,0,1,45216,685179,36,591,774861,106337,588089,733562,0
2,0,0,22268,240921,24,736,1015317,410622,237086,484032,1
0,1,0,41791,810484,48,812,905916,297224,44695,461809,1
2,1,1,28556,672577,48,811,484687,139486,159655,557153,1
4,1,1,157449,281698,60,393,594097,740088,349557,355487,0
0,0,0,61482,528743,36,800,714766,219707,132145,295575,1
3,1,1,151346,144115,60,407,61879,229715,684934,285389,0
2,0,0,107611,134778,24,642,1089063,768953,534387,131992,1
3,1,1,105308,862639,24,815,149927,789630,241205,673729,1
3,0,0,91676,732066,24,678,687875,31023,666079,259864,0
2,0,1,150710,181259,36,824,982493,250088,227514,231098,1
1,0,0,25038,290285,48,522,120587,637975,98125,771604,0
3,1,0,33026,218016,60,507,1493332,700325,656798,407831,0
0,1,1,86588,385886,24,513,565835,899451,671776,499340,0
2,0,0,81906,297630,24,527,23704,499192,218859,200129,1
0,1,0,106386,328853,60,692,987950,6734,416333,225621,1
3,0,1,137523,499982,36,576,836375,786268,121304,584029,0
3,0,0,113182,210695,24,719,960498,144941,449162,363477,1
0,0,0,59707,800401,60,558,1126513,108716,483083,122457,0
3,1,0,71021,668503,36,504,713450,606729,496948,669232,0
2,0,1,139877,696464,60,445,1240162,543434,398114,325195,0
3,1,1,50637,194055,60,626,555224,53991,492883,536412,1
0,0,1,99676,651933,60,800,817807,152354,388534,276313,1
0,0,0,105284,760808,36,780,237773,530810,573867,450719,1
2,0,0,139543,198903,48,476,929873,229814,125711,621626,1
0,1,0,133725,688586,60,589,392395,615600,338428,708704,0
1,0,1,93278,354030,24,703,1045087,370586,291476,169838,1
3,1,0,68084,719442,12,656,1201581,529331,373351,539589,1
0,1,0,77600,456644,24,383,1288449,427460,99458,732138,0
3,0,1,84677,731877,48,646,1393622,328666,226678,515970,0
0,1,1,53508,175312,36,369,183434,308165,667898,118756,0
0,1,1,119315,380718,12,408,206987,627554,73680,155865,0
2,0,0,51757,282415,36,677,1389273,462946,444715,166227,1
3,0,1,123085,261109,12,401,571241,534864,465248,89579,0
0,0,1,139741,312083,36,519,39026,519578,332161,604217,0
1,1,0,173817,375068,36,644,430484,186873,23526,772287,1
4,0,1,37263,158184,48,678,1254299,821906,24049,415919,0
4,1,1,141076,651020,36,573,532484,506821,192944,481092,0
2,1,0,31929,517703,36,397,115110,646258,71759,620091,0
2,1,1,72634,754879,48,750,1083163,793716,65960,335468,1
1,0,1,46559,649273,48,825,291942,832236,112084,380603,1
3,1,1,44290,176686,60,795,529202,600149,133509,473271,1
2,0,1,46406,109441,24,725,5841,708404,586932,247191,1
1,0,1,25117,409387,36,551,902995,424612,447111,54140,0
0,0,1,151343,458954,24,789,667885,664013,21286,456379,1
0,0,0,27902,254212,36,594,1300574,289425,439933,658591,0
4,0,1,82558,714879,12,418,501538,640603,95696,63216,0
2,0,1,131264,544345,36,776,306907,77297,294738,177233,1
2,0,1,178442,685791,12,510,248989,822850,26631,214078,0
2,0,0,156300,142658,36,820,300238,220164,63120,644614,1
3,1,0,40228,742812,60,534,676635,590907,92816,406156,0
0,0,1,178013,225176,60,785,130749,10068,303361,429830,1
0,1,1,123873,431004,36,619,603556,140144,324156,517984,0
1,1,1,47090,423465,12,584,1282022,887963,246921,224874,0
2,1,0,90694,747473,24,498,1151491,750028,434118,572268,0
3,1,0,166696,285319,12,768,955889,200234,504321,29016,1
2,1,1,81652,254640,48,380,1339695,117761,510113,95406,0
2,1,0,47749,338683,60,584,1170322,733388,405318,653587,0
4,1,1,159763,356688,36,534,978850,891151,381889,528273,0
0,1,0,172382,204432,12,622,1294600,151780,344096,145285,1
2,0,0,176046,199902,12,477,186615,597549,166554,353810,0
2,0,1,172825,246637,60,682,1227387,255241,340887,46185,1
2,1,0,159403,447361,24,543,443086,669948,7068,539120,0
4,0,1,91627,341852,12,444,1099594,376449,676407,605922,0
1,1,1,49152,383251,12,448,1369977,112818,259065,226327,0
4,0,1,117979,661197,24,698,744037,291965,529405,283284,1
1,0,0,53769,254788,48,481,133101,484760,669692,193270,0
2,1,0,94651,823408,60,503,555342,718515,347885,314520,0
2,1,1,124283,689013,24,664,610283,18924,603278,221489,1
4,1,0,171345,198484,48,515,1405102,861924,335455,201418,1
2,0,0,64831,316769,12,544,1413756,584641,92602,347013,0
1,1,0,58810,206018,12,472,852698,787765,18535,688046,0
0,1,1,137025,281883,12,523,1425997,837048,94935,611373,1
1,1,0,19046,360671,60,697,654436,138220,659756,241376,0
4,1,0,109760,161256,36,617,616804,84357,332575,754562,0
0,1,1,138838,62269,60,849,1254759,699019,223421,172103,1
4,1,0,107247,422998,12,736,1001095,169094,312242,729038,1
2,0,1,80200,645842,12,358,783565,133152,179157,250853,0
0,1,1,152224,307519,60,539,685118,421665,609387,434509,0
1,1,1,78107,781388,12,495,1058409,822042,699586,166503,0
2,1,1,133106,363881,12,644,1130190,716045,59441,610809,0
1,1,0,93190,815677,36,483,735884,466090,503082,257535,0
0,1,0,22305,250597,48,834,47371,176806,234920,698693,1
3,0,0,103943,508433,24,499,216235,302742,33154,70934,0
3,1,0,26012,698682,36,611,693132,619644,645547,404091,1
0,0,1,168815,100183,48,411,921298,141322,43319,131031,0
1,0,1,115452,840502,36,805,1205651,471964,144131,711720,1
1,1,1,78269,360215,24,806,348828,10628,17851,336557,0
3,1,1,96763,473242,12,747,1179896,292576,329898,541206,1
3,0,1,118307,584173,36,526,999078,223152,419733,704176,0
3,0,0,60149,596548,60,379,77485,612976,224471,430831,0
4,0,0,64719,70118,48,706,526834,822618,50095,50546,1
3,0,1,85822,787096,60,564,453990,131833,81308,180473,0
1,0,0,59888,580063,12,846,1329968,717535,653371,174076,1
0,0,1,140781,899005,12,699,1381795,590329,564141,731775,1
3,1,1,34818,450785,36,619,1228889,872814,655834,727134,1
4,1,1,151911,571489,12,844,792009,820359,371562,384183,1
4,1,1,74461,424903,36,751,739256,90685,382237,712561,1
1,0,1,108918,806312,60,579,467229,668900,550197,200582,0
1,0,1,43556,757529,24,359,1159342,532960,431647,545163,0
0,0,1,80429,822317,36,396,129423,101774,305508,316587,0
0,1,0,140244,478638,48,572,406706,231435,204326,196176,1
2,0,0,61852,722733,12,631,202813,834249,339855,203758,0
2,0,1,39428,354975,60,365,741389,488647,44780,338749,0
1,0,1,102550,441791,24,413,449633,304616,134713,275028,0
1,1,1,44323,696185,60,702,296223,288409,516222,172920,1
4,0,1,68989,118980,48,726,564620,754079,607637,270645,0
2,0,1,90974,653916,12,364,1291329,255118,71250,107227,0
4,1,1,109383,63434,48,604,837014,143000,67834,775887,1
4,1,1,121579,543553,12,390,1234601,516460,59890,307098,0
1,0,0,127617,455620,36,712,1370857,893259,554104,90368,1
1,0,0,154774,448377,60,767,1353224,164986,217856,462778,1
4,1,0,28704,470167,60,785,526500,229787,228734,707080,1
3,1,0,76696,468143,60,649,1316215,422220,8725,291146,0
1,1,1,18172,396258,36,665,1364064,179832,680819,676967,1
3,0,0,19529,433651,36,814,1439394,585731,303824,490605,1
2,0,0,52388,532942,24,656,526504,228260,558212,592704,1
4,1,0,114899,698945,60,573,342504,115363,495376,240522,0
1,0,1,162910,519338,36,728,876410,235141,99242,34363,1
4,0,1,143313,596144,48,646,1397736,837534,560944,279951,1
4,1,0,122699,761121,24,772,1350930,841405,385212,739943,1
0,1,1,144062,891085,48,612,856819,455152,423015,633585,0
0,0,1,45857,142358,24,785,223858,360411,140221,628408,1
2,1,1,154053,655986,48,372,633742,737575,592811,703260,0
0,0,1,162222,241401,12,368,1071181,174837,652166,301746,0
1,1,1,33398,217263,12,399,840560,588514,284551,261017,0
2,1,0,94132,724054,24,628,518207,612046,64734,740529,0
4,0,1,152466,108387,36,705,513903,639000,594140,459355,1
4,1,0,95126,770661,48,458,89624,196150,621174,241877,0
0,0,0,154156,704963,24,428,432829,644517,354531,226139,0
4,1,1,169557,895600,12,781,1004065,550792,405404,702436,1
0,0,1,94895,617751,24,726,361971,787589,156125,47401,1
3,0,1,27636,791975,36,674,1490088,156952,47231,54046,1
4,1,0,73088,150754,36,594,123641,552244,660901,591596,0
4,1,0,52858,806414,48,560,883160,746674,338070,6073,0
1,0,0,94806,186277,24,360,744847,250395,192479,140947,0
4,1,1,112894,317195,48,444,1249956,669400,485262,792553,0
0,1,1,93151,158964,48,799,1331642,89558,18341,343441,1
2,0,1,49668,391412,48,519,815218,646289,55958,583492,0
2,1,1,66788,686649,36,702,945227,545625,169871,392201,1
1,1,0,128083,277872,60,702,1048430,173296,315454,77004,1
0,0,0,22371,748866,24,505,781463,59717,256681,151654,0
3,0,0,52682,565354,48,452,277331,670939,131142,610073,0
1,1,0,162559,584587,12,696,642889,217164,245944,80171,1
3,0,0,34063,847984,12,396,362328,447701,233738,477720,0
2,1,0,85188,417068,60,597,696602,54636,367267,281670,0
1,1,0,51531,342944,36,794,922731,867145,393919,299386,1
4,0,1,34953,895371,48,706,313916,493998,618188,762067,1
0,0,0,86482,523451,48,732,374137,838422,564744,486718,1
3,1,0,102473,572413,48,391,1234403,144304,204636,494032,0
3,0,0,46534,301854,24,450,566598,185213,631867,283533,0
1,0,0,30602,233121,12,487,297574,549366,364539,308221,0
1,1,1,39820,194329,12,496,1069760,544045,131374,550187,1
0,1,0,123550,240025,60,447,1074934,711778,238097,35934,0
4,1,0,157365,215907,24,837,1239239,835251,519233,193655,1
4,1,0,47207,684712,36,432,1139977,739692,575241,482217,0
1,1,1,69904,99253,36,704,1487952,126197,261887,500711,0
0,0,1,73698,584976,12,643,862303,278589,110321,78344,0
0,1,0,76442,856899,36,655,430232,822440,134320,631322,1
0,1,0,57576,700719,12,457,1294389,494059,72457,436322,0
4,1,0,26953,392447,12,504,397223,780312,489116,193982,0
4,1,0,103075,100492,12,653,436575,506709,352096,602800,1
0,0,1,75893,759002,60,499,1242741,44766,315828,792747,0
3,1,1,73445,52676,36,697,1322425,425598,470321,341750,1
0,0,1,60898,629130,60,369,509011,742194,580066,230339,0
1,1,0,168553,620306,36,386,1094115,589602,556867,243032,0
2,0,0,116898,213132,24,714,1383593,119501,96001,476119,1
3,0,0,85828,678889,48,658,1198124,189078,412737,42670,1
4,0,0,51273,199142,60,371,7490,768936,617759,389326,0
0,1,1,147782,241800,36,800,996869,881318,541694,24698,1
0,1,0,161915,740189,12,352,254836,677600,230588,35671,0
1,0,0,23235,882259,24,828,1269514,88271,274897,346871,1
1,0,1,168605,275004,60,715,100560,557275,623137,597683,1
4,0,0,131306,833137,36,845,1489648,746299,23007,707259,1
3,0,0,34172,826292,60,825,265993,576175,367793,74670,1
1,1,0,140011,703996,36,506,630244,534686,81269,199029,0
4,0,0,35399,169047,12,729,351127,420622,626211,340221,1
2,0,0,26239,304506,60,455,1220873,220369,27105,461374,0
2,0,0,36682,626052,48,586,590248,252689,16373,789704,0
2,0,0,92492,899336,48,470,1116869,671107,230260,549023,0
0,1,0,118370,742302,60,593,100827,62830,140116,432996,0
4,1,0,83986,407228,12,787,679305,76032,346843,53359,1
0,0,1,37758,249967,60,568,1366577,356999,209698,69247,0
0,1,0,50265,866286,24,396,1390423,696976,249422,126714,0
1,0,1,156085,284776,60,512,313040,591331,395445,530327,0
1,0,1,173945,340886,12,744,591638,530986,392419,268365,1
0,0,0,140191,869841,36,611,613671,480719,654451,196549,0
0,0,1,34753,527415,48,630,848198,99675,336426,537724,0
3,0,0,150809,274907,12,566,806005,298615,394962,653216,1
4,1,0,130102,54543,12,496,158913,71555,474559,354032,0
0,1,0,103221,415463,60,649,1144000,682342,121962,706072,0
1,1,0,41204,888101,12,667,338662,675752,466873,588685,1
2,0,0,179461,417638,48,799,472411,232285,603338,574431,1
4,0,0,89702,644599,60,659,1261044,263642,222644,694740,0
3,0,1,25156,265079,48,848,1034478,285709,124838,151127,1
3,0,0,52014,709270,36,764,594829,800371,242350,607905,1
2,0,1,83004,709422,36,389,1368710,439673,192527,766400,0
2,1,1,28096,567055,48,546,591126,685865,409603,793836,0
0,1,1,70477,706071,36,542,848243,403944,604615,464544,0
4,1,0,93881,541999,36,351,368971,628371,417502,604717,0
4,1,1,171680,371570,12,440,274790,475493,87858,711442,0
0,1,1,31992,677197,48,731,737415,250745,220289,682482,1
3,1,1,111451,759856,48,526,844529,788669,482520,718744,0
0,0,0,166353,764901,48,424,1208725,638050,231222,666731,0
3,1,1,148602,231113,12,494,586356,692404,410473,308141,0
4,1,1,167840,625103,48,487,1342746,853332,485831,585561,0
0,1,0,45595,53659,48,437,911076,223893,230417,331298,0
2,1,0,147817,536199,12,400,105171,82403,453187,642432,0
0,0,0,176538,535492,60,732,1108652,524044,278681,649143,1
2,1,1,70817,358971,36,763,862231,293546,94535,748073,1
4,0,0,98779,894966,36,598,584030,392199,260527,472713,0
0,1,0,103996,800516,48,658,700910,211205,308729,382789,0
1,1,1,97974,82847,36,810,452686,358621,1670,136608,1
4,1,0,64944,227510,36,772,921422,353925,624894,512438,1
1,0,0,175283,226798,24,366,850427,315500,369522,455291,0
0,1,1,172952,812925,60,827,670913,668099,25413,414377,1
2,1,1,79678,491077,60,383,427795,533387,607594,542678,0
2,0,1,148457,669543,12,363,597967,426818,598614,681574,0
3,0,1,82399,738449,48,552,746756,101444,8434,123194,0
1,1,0,146759,702476,12,723,707821,513657,114224,347930,1
4,1,1,112729,125685,24,390,463937,157518,254655,579232,0
2,1,1,94167,169284,60,496,872998,282739,355074,656682,0
1,1,0,38744,385949,12,481,339822,373415,508034,623819,0
4,0,0,124043,337621,24,549,751474,127160,297035,640486,0
4,1,0,70015,685014,24,844,182324,350540,428202,684754,1
2,0,0,53131,182800,48,516,708216,240240,7090,769699,0
0,1,0,49299,365811,36,454,1175970,764786,460977,488412,0
2,0,0,177064,251088,36,411,1226752,773712,640777,202891,0
2,1,1,34731,210510,60,449,1042040,4111,368345,453016,0
0,0,0,147361,196883,36,416,1118471,542175,318447,569147,0
3,1,1,158315,216171,48,637,98924,576495,207982,85058,1
4,0,1,23030,529717,12,560,512067,340189,667987,606751,0
0,0,1,113471,398541,24,599,981375,422209,23242,437647,1
3,1,1,111539,419994,60,766,1200865,710915,200720,749341,1
0,0,0,76104,457504,60,640,874273,340166,97095,173401,0
3,1,1,126007,679900,48,427,1280476,58011,606393,725987,0
2,1,0,84204,782542,24,538,409595,335256,337823,361163,0
0,1,1,89230,497470,12,506,230238,228501,645672,460953,0
4,0,0,87906,595914,60,764,129570,344450,465610,529702,1
0,0,0,147709,677774,48,503,874023,207092,389782,465426,0
2,0,1,120570,636841,24,419,997776,134885,362230,723546,0
0,1,0,79405,164123,36,718,427967,886828,141874,137996,1
4,1,1,168136,885539,48,564,1175485,115980,393433,585252,0
3,1,0,147933,190089,36,398,1108758,635488,479673,780095,0
4,1,0,169110,400066,60,695,540200,645819,675740,179994,1
2,0,1,136341,604712,12,455,358177,556007,384284,207738,0
2,0,1,81421,392851,24,784,1113475,820310,657185,382634,1
3,0,0,143216,256661,12,767,1007105,4486,661170,581165,1
3,0,0,71340,834844,48,535,256179,271466,365787,767389,0
4,0,0,61890,110800,48,628,382686,165879,307490,637657,1
0,0,1,91069,258994,60,634,728950,519233,99892,636244,1
3,0,1,175027,894047,36,677,766715,571987,187959,355766,1
0,0,0,110005,670342,12,384,248938,808111,615365,518080,0
1,1,0,80158,123929,36,512,1422969,341747,96800,172899,0
4,1,0,92814,691387,12,435,582973,212308,277940,373203,0
1,1,0,65177,874083,48,699,571961,831852,489043,155223,1
3,0,1,124718,133119,48,384,90798,605689,168435,26563,0
2,0,1,74768,401944,60,608,1313607,688251,681876,685914,0
1,0,0,107812,447996,24,714,352715,400480,454638,644759,1
1,0,1,77910,161360,24,825,1480416,402645,19840,411051,1
2,1,0,69955,220478,12,494,744025,350141,173020,16523,0
3,1,0,175178,197691,36,353,1312276,674563,518311,76658,0
3,0,0,74008,207568,36,712,268682,189553,604234,93856,1
4,0,0,29424,392999,48,350,248799,877863,648851,575030,0
4,0,0,79332,444253,48,383,1201670,158332,595819,166775,0
3,0,1,104207,252286,12,846,1229487,414882,52347,203885,1
3,1,1,33331,296015,24,782,814640,283152,510780,689573,1
1,1,0,67520,213401,36,704,48224,578273,77119,701733,0
2,1,1,44902,726651,24,768,1415584,612622,53585,611627,1
0,1,1,99105,229991,12,387,589952,826798,484369,251109,0
1,1,1,135144,821464,60,394,1403976,710295,334715,466050,0
4,1,1,174893,508027,48,500,1306100,223807,453574,164215,0
2,1,0,81033,732312,36,361,1277234,185991,596039,687034,0
0,1,1,157847,590935,24,795,1033128,797902,48179,72462,1
3,0,1,52755,276126,60,378,1009876,439083,369271,596800,0
4,1,1,144440,561157,12,622,799110,87790,584095,411667,0
4,1,0,109152,283014,36,777,37168,742473,308205,607190,1
1,1,0,140824,150776,60,718,581796,583603,366396,363336,1
2,1,0,140397,266519,60,467,1095811,23014,348497,130706,0
2,1,0,104254,284294,24,585,1218445,704554,635038,602293,1
1,1,0,59702,164782,48,624,839349,546638,34925,506708,1
1,0,0,103241,70067,12,734,1064337,553145,614593,374359,1
1,1,1,151939,852228,12,563,32616,778443,571468,301317,0
4,1,0,175246,486408,24,492,702607,445981,568755,278333,0
3,1,1,168255,391740,60,748,761587,415139,288601,387501,1
4,0,0,47397,840459,48,794,1338726,555612,361129,213015,1
4,1,1,114777,240986,36,594,466577,178004,258288,229477,0
4,0,0,34944,392440,24,364,344922,136497,176197,226126,0
0,0,1,126369,769670,12,600,528568,759399,612804,15080,0
4,1,0,178758,587227,24,795,255587,194013,354182,742639,1
0,1,0,26517,389316,12,845,837636,453909,506342,193058,1
2,1,0,124364,267453,12,550,964205,242909,70567,136237,1
2,0,1,171174,79849,48,425,1201679,207412,552248,125181,0
1,1,0,155243,122294,12,636,1457991,538001,461192,790600,1
0,1,1,81582,187650,12,766,110408,722125,698327,384010,1
0,1,1,34835,718626,36,823,370884,397710,93784,264900,1
4,1,0,167671,593362,24,375,451068,124855,378028,326094,0
1,0,0,167254,418447,36,495,374505,220028,357821,75270,0
1,1,0,111794,715469,12,589,1240923,148116,376879,254365,0
4,0,0,176580,186664,24,399,209248,794528,38067,202708,0
0,1,0,18748,229294,36,794,44607,287576,331185,643558,1
4,0,0,117890,383819,48,406,1290845,336529,209658,51439,0
4,0,1,24243,829786,36,683,1442277,63933,432147,343231,0
2,1,0,169582,572097,36,810,339596,401428,162456,633073,1
0,1,0,128227,773347,36,693,499283,822532,304536,667709,1
0,1,1,165975,260937,24,732,754767,368730,434022,412479,1
1,1,1,109152,771123,24,481,788922,586119,44831,181908,0
2,1,0,31488,111607,36,764,1486308,163748,550750,272904,1
0,0,0,22298,243511,12,559,606230,128645,501014,181721,0
2,0,0,72362,494571,48,380,18211,658464,40112,531329,0
0,0,1,138440,92955,48,533,634135,59162,45315,237649,0
2,0,1,42467,779522,24,525,834729,403612,595198,506363,0
0,0,0,156047,787310,24,611,775334,285033,198331,526276,1
3,1,0,56796,510246,24,482,768433,14631,602537,752198,0
0,1,0,98419,309930,48,581,1383924,478085,349476,299428,0
0,1,1,50899,134119,48,564,1211171,867612,239588,769202,0
0,0,0,93452,576078,12,513,377561,62233,191492,323569,0
4,1,0,91252,507020,36,698,532922,734187,461302,546143,1
0,1,0,18886,695971,12,503,1001373,485261,76808,530987,0
2,1,0,109985,562154,36,733,615512,651203,281829,655163,1
2,0,1,145437,159049,24,475,642603,86894,242099,377943,0
2,0,0,169676,153500,24,783,251906,782182,107933,634977,1
3,1,0,71576,713712,36,532,381552,10274,246975,287492,0
4,0,1,160654,185170,24,370,1111222,816126,370063,395586,0
1,0,1,160359,847734,24,425,1264396,592026,474294,402241,0
4,0,0,178118,140055,48,753,1177063,303740,60451,565044,1
1,1,0,78435,669118,60,786,461750,6391,610678,496585,1
4,1,1,155844,878946,12,456,204994,549862,614930,67215,0
2,0,0,109542,425039,24,651,239542,78691,484384,648206,0
3,0,1,27439,98207,60,637,590185,547927,647002,607626,0
4,1,1,61795,795176,36,417,776633,695830,299562,88118,0
3,1,1,126872,209210,24,576,1339357,240569,575129,769657,0
4,1,0,44015,498338,36,697,1348241,214850,509087,530272,1
2,0,1,88426,886855,12,834,4060,199757,393769,72554,1
0,1,1,143535,683055,12,774,1061340,202354,125653,395659,1
2,0,0,42261,89369,48,399,448138,102516,390319,669712,0
0,1,1,98447,747430,36,469,296703,224731,630944,227463,0
4,0,1,52807,187055,48,568,832563,593382,689225,746719,0
1,0,1,104911,686949,24,425,50869,272265,313646,337631,0
1,0,0,56995,577812,60,635,501140,702827,173531,184820,0
1,0,0,174397,294676,36,354,828335,737360,523255,288378,0
3,1,1,30425,410067,48,406,408067,684857,53163,422224,0
2,0,0,174099,150167,12,373,890088,485576,105765,552063,0
4,0,1,146283,888766,12,498,690056,284647,393358,742647,0
2,0,1,156614,252587,48,731,1199111,836904,693142,159941,1
1,1,1,155944,312376,60,438,272284,184733,230149,768379,0
0,1,0,48392,477443,60,844,85654,418058,310326,424522,1
0,1,1,168836,621523,24,485,794437,408252,225637,106666,0
1,1,0,114272,479485,12,372,385342,671030,308353,741542,0
4,1,1,173869,479368,60,518,1060043,492132,4959,282458,0
2,1,0,160259,545247,48,724,139929,719562,416305,498365,1
4,0,0,111896,779042,24,403,862942,827178,417367,560024,0
0,1,1,78663,385836,48,386,1484750,351562,220894,15658,0
0,1,1,37000,757310,60,775,139663,787340,184823,181139,1
4,1,1,34379,718857,24,646,452729,152715,533123,550732,0
0,0,0,81132,866855,48,521,1266612,824452,131500,263192,0
0,1,1,149375,826180,48,728,800346,160190,32946,12418,1
2,0,1,99865,728453,36,773,262466,765236,28302,23516,1
4,0,1,96045,259716,48,529,319694,351222,617227,662024,0
3,1,1,57601,708152,24,631,1147218,868123,255053,127049,0
0,0,0,109431,676044,60,355,1291342,116275,71282,84837,0
4,0,0,121368,296076,60,503,540847,418949,615278,452051,0
4,1,1,177107,626276,60,648,710749,811692,104036,99554,0
4,0,1,136165,265023,48,448,1174142,42726,235669,524206,0
4,1,0,116368,494626,12,846,265391,238513,14481,437556,1
1,0,0,165432,727237,24,836,309409,75205,475351,520884,1
4,0,1,86846,210250,36,479,1161647,289146,489510,395825,0
1,1,1,169461,336409,60,548,279993,351248,529582,623796,1
4,1,0,77937,725947,36,444,1156217,557001,184130,517579,0
2,0,1,38700,435722,36,602,745538,231918,229670,335148,0
3,1,1,85654,866532,12,412,1485051,142816,656683,17226,0
3,1,0,38860,56766,48,545,49404,152946,575148,222425,0
3,0,0,37180,663560,24,628,1418931,844563,26009,109487,0
3,1,1,160755,742068,12,656,337946,857883,484315,17386,0
3,0,0,146749,830180,60,648,52620,199263,568917,222170,0
3,1,0,53836,183241,12,460,1086018,175877,391469,169270,0
0,1,0,153710,886557,12,746,798792,48776,447934,66008,1
4,1,1,29162,383436,12,696,1256075,863441,694,253348,1
2,1,0,64072,349243,36,727,162530,635535,21036,407719,1
1,0,0,132388,352210,12,584,121178,684754,24563,146674,0
2,0,0,67215,592490,60,797,850873,261516,111283,222123,1
4,0,1,136341,610399,36,545,1323116,576851,693606,21014,0
4,1,1,159642,452842,24,753,608644,53828,444047,45071,1
4,1,0,28701,110380,12,451,1196275,608417,547598,130170,0
2,0,0,21883,888634,36,473,1359314,521691,206909,365074,0
3,1,0,170280,238787,12,613,1304526,298326,656295,534549,1
1,1,1,102314,129736,60,628,763002,639422,139240,631729,0
3,1,1,100048,557775,24,723,1047642,581784,631612,505520,0
3,0,0,93115,400518,36,499,788499,395098,21555,495395,0
1,1,0,88245,573232,12,787,1011229,168022,14310,748868,1
1,1,1,129800,794208,12,515,850630,21209,55228,208235,0
0,0,1,111918,132725,24,617,787639,843934,554293,639543,1
0,0,0,44469,291443,12,816,655212,253223,180248,749812,1
2,0,0,119515,489085,48,620,979180,271614,315802,456366,1
2,0,1,126269,719623,60,691,1126648,612959,329919,673240,0
0,1,1,36403,560546,60,805,1378664,229667,552690,114357,1
2,1,1,79030,375365,24,838,919842,338179,244113,703632,1
3,1,0,146062,568552,48,600,150783,640046,4701,453437,0
1,0,0,118231,882981,36,558,881217,535838,270533,181119,0
1,1,1,40091,458045,12,448,473646,590803,201739,53968,0
1,0,1,24495,801000,12,619,40219,4203,511615,577342,0
2,1,1,112156,712962,36,810,108682,406169,525926,347553,1
1,0,0,92799,306122,36,594,886953,427741,64370,251452,1
3,0,1,173690,262077,12,524,1417207,569201,555114,315255,0
1,1,0,102604,704664,60,403,758357,136312,49344,792855,0
2,0,0,168901,226357,48,545,667898,143543,433800,345111,0
1,1,1,52720,336328,36,468,132990,686188,272498,67627,0
0,1,1,90468,250087,60,839,1013016,605995,210879,227461,1
3,1,1,40619,565408,60,614,83206,730064,338230,120564,0
1,1,1,111025,300018,60,418,1261680,243549,217253,550235,0
1,0,0,48532,609708,24,383,1224608,897842,555704,641317,0
3,1,1,97746,844617,60,776,1486500,245552,676734,673550,1
4,0,0,73750,755156,36,816,426422,585866,571059,508141,1
3,1,0,48088,855760,48,732,242673,145961,307448,615971,0
4,0,1,33683,70783,60,412,449302,826652,352299,336745,0
4,0,1,100952,437136,12,399,1199268,299139,312987,504062,0
2,1,1,171465,237134,36,449,328233,722230,555478,90044,0
3,0,0,50197,830188,12,726,1331134,298125,386632,432984,0
1,1,1,83609,655130,24,733,231279,711763,327687,448186,1
2,1,0,54386,322187,36,769,73313,408761,286651,29711,1
2,1,1,149053,528994,60,398,329036,56241,262531,440905,0
4,1,1,85214,564617,60,426,1131135,171377,386870,579732,0
4,1,1,175855,471264,24,801,903419,615095,482296,297234,1
2,0,0,57717,453199,24,815,532087,173706,302634,438261,1
3,0,0,31079,96928,36,713,984056,247786,564662,232428,1
1,0,0,112368,434592,60,403,972895,487564,578700,220239,0
4,1,1,123570,346034,60,384,832081,227743,300354,107947,0
2,0,1,178500,745512,24,377,771072,115989,636335,265634,0
2,0,0,159168,785335,12,696,152240,561868,121129,643539,1
3,0,1,161235,687853,48,773,389613,620007,652477,748807,1
3,0,1,120745,76258,24,666,791545,659743,205870,510322,1
0,0,0,76290,765042,12,481,202832,849552,395007,501367,0
1,0,0,87502,386970,12,729,713758,112044,198509,492987,1
0,0,1,39666,403913,36,379,175420,384116,309503,383350,0
3,0,1,87834,853376,24,764,1180850,210595,238043,341313,1
0,0,0,77039,787201,36,796,154984,810994,493668,498632,1
1,0,1,23815,93248,24,709,138808,485812,56832,628598,1
2,1,1,51123,355857,48,790,956685,88484,586826,333925,1
3,0,1,104605,687249,48,643,330798,622933,632691,454884,0
2,0,1,77833,508020,36,584,527116,38661,394087,378794,0
4,0,1,178953,268970,12,511,471388,246755,383092,231983,0
4,1,0,95521,496060,36,811,324950,649231,489986,235795,1
0,1,0,173310,786617,48,699,1142672,455404,139352,67622,0
4,1,0,125035,239795,24,445,1037827,684919,524810,354683,0
3,0,1,24544,684157,24,829,358164,514070,153071,571402,1
3,0,0,50958,674546,36,379,1030274,758752,473475,550045,0
0,0,0,132339,802849,24,644,1070208,506309,213904,788605,1
3,1,1,106309,303250,36,445,808752,51135,522293,36753,0
3,1,0,66885,233536,24,682,867580,64135,553740,609722,1
2,1,0,102577,515506,24,556,1402436,699216,146051,637046,0
0,1,0,164284,501598,48,569,680819,34741,432204,351965,0
2,1,0,80970,398104,36,686,578121,338884,348862,229968,1
4,1,0,25308,712379,36,728,808501,14493,205828,288896,0
3,1,1,68375,729191,48,540,1253794,273003,411787,547635,0
0,0,0,169611,258844,24,849,1064379,535623,694864,690422,1
4,0,0,141407,726200,12,599,112709,155721,1734,515966,0
4,1,1,153671,246134,60,430,688916,419488,669813,413779,0
0,0,0,165680,396488,12,353,1109746,896414,599173,523839,0
4,0,1,37035,73104,36,451,335876,63444,370561,61124,0
2,1,1,63792,339334,24,696,1482671,57297,427017,488462,1
2,0,1,27691,864737,24,620,1212162,244123,258433,38501,0
2,1,0,18767,426178,12,519,1269897,744307,90395,767485,0
3,1,0,153222,653514,60,591,122587,365217,400033,711919,0
4,0,1,169785,141737,36,769,869497,575544,571449,409133,1
3,1,0,43232,590226,24,636,791681,30483,161776,302394,0
4,1,1,134991,365838,48,379,940149,661572,501939,587193,0
4,1,0,104653,682395,12,374,1275392,60683,523636,511878,0
0,0,0,29214,838816,36,591,529934,640545,530809,565832,0
1,1,1,166350,501870,36,552,800968,133127,238000,414887,0
3,1,1,159140,137403,36,776,1019227,772591,274429,192832,1
2,1,1,109926,454713,12,642,1129782,266519,291348,63235,1
0,0,1,132677,154642,60,729,1155593,165412,597941,230228,1
0,0,0,82351,432102,24,643,505404,303034,630314,425554,0
0,1,1,165940,723913,12,689,517918,898405,577,334151,1
3,1,0,126191,428263,48,724,986000,8659,115586,776131,1
3,0,0,45890,890799,24,522,932142,443216,418969,458554,0
2,0,0,38956,103649,24,415,1080324,547891,210545,311120,0
2,0,0,159128,196327,12,498,283861,55173,247701,5510,0
